INSERT INTO `repo_handler` VALUES (1, 12021001, 1001001, 1, 'AFTER', NULL, 'kgdw', '/builder/all', 'POST', NULL);
INSERT INTO `repo_handler` VALUES (2, 12021005, 1001001, 1, 'AFTER', NULL, 'kgdw', '/builder/save/graph/map', 'POST', NULL);


INSERT INTO `repo_interface` VALUES (12021001, 'kgms', '/builder/all', '预构建模式-查找所有');
INSERT INTO `repo_interface` VALUES (12021002, 'kgms', '/builder/match/attr/count', '预构建模式-匹配属性统计');
INSERT INTO `repo_interface` VALUES (12021003, 'kgms', '/builder/{databaseId}/detail', '预构建模式-获取数据库模式');
INSERT INTO `repo_interface` VALUES (12021004, 'kgms', '/builder/match/attr', '预构建模式-匹配属性');
INSERT INTO `repo_interface` VALUES (12021005, 'kgms', '/builder/save/graph/map', '预构建模式-引入模式配置保存');
INSERT INTO `repo_interface` VALUES (12021006, 'kgms', '/builder/get/types', '预构建模式-查询分类');
INSERT INTO `repo_interface` VALUES (12021007, 'kgms', '/builder/push/graph/model', '预构建模式-发布图谱模式');


INSERT INTO `repo_item` VALUES (1001, 'AutoDI', 'SUB_SYSTEM', 1, 1, 1, '企业级数据智能编排组件，提供拖拽配置、自然语言交互等方式，快速编排数据可视化大屏、智能分析面板、搜索系统等数据智能应用。', '{}', '[{\"checkType\":\"CONSUL\",\"content\":\"kgms\"}]');
INSERT INTO `repo_item` VALUES (1002, 'KGDP', 'SUB_SYSTEM', 1, 1, 1, '复杂文本加工组件，提供外部文档资源加工成结构化数据并入图的标注平台，支持篇、章、段拆解，支持半自动化实体、关系、属性等要素标注，支持加工结果入图。', '{\"url\":[{\"string\":\"/kgdp\"}]}', '[{\"checkType\":\"CONSUL\",\"content\":\"kgms\"}]');
INSERT INTO `repo_item` VALUES (1003, 'Web助手', 'DATA', 1, 1, 1, '以Chrome插件的方式提供轻量级知识加工、一键收集，并快速将文本、文档、网页链接与图谱实体进行关联，同时在阅读相关文献时提供辅助查询能力。', '{}', '[]');
INSERT INTO `repo_item` VALUES (1004, '桌面助手', 'DATA', 1, 1, 1, '以桌面端方式提供轻量级文档助手，支持知识收藏与订阅，支持知识的查询与问答。', '{}', '[]');
INSERT INTO `repo_item` VALUES (1005, 'office助手', 'DATA', 1, 1, 1, '基于构建完成的图谱数据，以Office插件的方式提供辅助文档编制能力，支持文档模板的维护及引入，支持文档检索与引用，支持图谱知识问答及引入。', '{}', '[]');
INSERT INTO `repo_item` VALUES (2001, 'KGSearch', 'SUB_SYSTEM', 2, 1, 1, '文本搜索引擎，提供基础的搜索能力，可通过增强软件包扩展搜索能力。', '{}', '[{\"checkType\":\"CONSUL\",\"content\":\"kgms\"}]');
INSERT INTO `repo_item` VALUES (2002, 'NLP增强搜索软件包', 'DATA', 2, 1, 1, '通过NLP能力增强搜索，支持接入意图识别、实体链接、语义扩展等NLP模型，优化搜索体验。', '{}', '[]');
INSERT INTO `repo_item` VALUES (2003, '图谱增强搜索软件包', 'DATA', 2, 1, 1, '基于知识图谱提升搜索的准确率，丰富搜索结果展示，支持同义扩展、语义搜索等。', '{}', '[]');
INSERT INTO `repo_item` VALUES (2004, '搜索用户日志计算软件包', 'DATA', 2, 1, 1, '面向用户搜索日志，提供多种日志计算与分析模型，深度挖掘用户搜索行为。', '{}', '[]');
INSERT INTO `repo_item` VALUES (2005, '运营指标计算软件包', 'DATA', 2, 1, 1, '基于用户搜索日志，提供用户点击率、MAP、NDCG等指标计算能力。', '{}', '[]');
INSERT INTO `repo_item` VALUES (3001, 'KGBot', 'SUB_SYSTEM', 3, 1, 1, '知识图谱问答组件，基于已构建的图谱，通过自然语言交互完成知识查询、知识可视化、知识统计、挖掘等一系列服务，提供问答服务组件，支持针对实体、属性、关系、边属性等知识类型的问答；提供问答管理组件，支持机器人的创建与删除、技能配置等。', '{\"url\":[{\"string\":\"/kgbot\"}]}', '[{\"checkType\":\"CONSUL\",\"content\":\"kgbot\"}]');
INSERT INTO `repo_item` VALUES (3002, '扩展问答配置软件包', 'DATA', 3, 1, 1, '在基本知识图谱问答能力的基础上，提供语义模型配置，语义模板配置，词库配置等高级配置管理功能，实现精准意图理解。', '{}', '[]');
INSERT INTO `repo_item` VALUES (3003, '多策略问答软件包', 'DATA', 3, 1, 1, '在知识图谱问答的基础上，引入FAQ、MRC、TaskQA等问答实现方法，形成统一多策略问答模型，满足不同数据场景的需要，并提供对应的多策略意图路由配置。', '{}', '[]');
INSERT INTO `repo_item` VALUES (3004, '日志计算软件包', 'DATA', 3, 1, 1, '面向用户的问答日志，提供多种日志计算模型，迭代优化问答在线过程中各类模型参数和知识质量。', '{}', '[]');
INSERT INTO `repo_item` VALUES (4001, '基础推荐软件包', 'DATA', 4, 1, 1, '搜索推荐引擎，提供基础的推荐能力，推荐能力可扩展。', '{}', '[]');
INSERT INTO `repo_item` VALUES (4002, 'NLP增强型搜索软件包', 'DATA', 4, 1, 1, '通过NLP模型增强推荐能力，支持接入意图识别、实体链接、语义扩展等NLP模型，优化推荐结果。', '{}', '[]');
INSERT INTO `repo_item` VALUES (4003, '图谱增强型搜索软件包', 'DATA', 4, 1, 1, '通过知识图谱增强推荐能力，提升推荐的准确率，丰富推荐结果展示。', '{}', '[]');
INSERT INTO `repo_item` VALUES (4004, '推荐用户日志优化计算软件包', 'DATA', 4, 1, 1, '面向用户操作日志，提供多种日志计算与分析模型，迭代优化知识推荐的质量。', '{}', '[]');
INSERT INTO `repo_item` VALUES (4005, '运营指标计算软件包', 'DATA', 4, 1, 1, '基于用户操作日志，提供用户点击率、MAP、NDCG等指标计算能力。', '{}', '[]');
INSERT INTO `repo_item` VALUES (11001, 'NLP Lab', 'SUB_SYSTEM', 11, 1, 1, 'NLP模型库，提供分词、命名实体识别、属性抽取、关系抽取、实体链接、关键词抽取、文本摘要生成等预构建模型。', '{\"url\":[{\"string\":\"/kgtext\"}]}', '[{\"checkType\":\"CONSUL\",\"content\":\"kgms\"}]');
INSERT INTO `repo_item` VALUES (11002, '协同标注软件包', 'DATA', 11, 1, 1, '扩展语料标注能力，支持多人协同标注，主账号分配任务，多个子账号协同标注；用户可自定义标注标签，提供远程弱监督的方式进行语料标注。', '{}', '[]');
INSERT INTO `repo_item` VALUES (11003, '在线训练软件包', 'DATA', 11, 1, 1, '在线模型训练组件，支持实体识别、属性抽取、关系抽取、同义抽取、事件抽取等深度学习模型训练，提供训练过程和结果的可视化统计、训练日志查看。', '{}', '[]');
INSERT INTO `repo_item` VALUES (11004, '文本生产软件包', 'DATA', 11, 1, 1, '文本抽取组件，提供实体识别、属性抽取、关系抽取、同义抽取、事件抽取，支持抽取结果统计、查看、修改，支持用户自定义规则对抽取结果进行核查。', '{}', '[]');
INSERT INTO `repo_item` VALUES (501001, '论文模式', 'DATA', 501, 1, 1, '来自知网、万方等知识服务平台的模式抽象，涵盖作者、关键词、机构、期刊、论文等概念，以及英文标题、简介等属性。', '{}', '[{\"checkType\":\"CONSUL\",\"content\":\"kgms\"}]');
INSERT INTO `repo_item` VALUES (502001, '企业图谱模式', 'DATA', 502, 1, 1, '来自启信宝、天眼查等企业信息查询的模式抽象，涵盖公司、欠税信息等概念，以及公司名称、负责人姓名等属性。', '{}', '[{\"checkType\":\"CONSUL\",\"content\":\"kgms\"}]');
INSERT INTO `repo_item` VALUES (503001, '纪检领域人物关联图谱模式', 'DATA', 503, 1, 1, '来自纪检领域的模式抽象，涵盖了职业、地点、房产、机构等概念，以及产权证号、户籍类型等属性。', '{}', '[{\"checkType\":\"CONSUL\",\"content\":\"kgms\"}]');
INSERT INTO `repo_item` VALUES (601001, '百科知识图谱', 'DATA', 601, 1, 1, '数据来源于百度百科、互动百科、维基百科（中文部分），涵盖了通用领域知识，实体数据规模达到达千万级别。', '{}', '[{\"checkType\":\"CONSUL\",\"content\":\"kgms\"}]');
INSERT INTO `repo_item` VALUES (601002, '世界地理知识图谱', 'DATA', 601, 1, 1, '数据来源于knoema-世界数据图册，涵盖了世界和地区统计数据、地图、排名，包含行政区划相关的约1万个实体。', '{}', '[{\"checkType\":\"CONSUL\",\"content\":\"kgms\"}]');
INSERT INTO `repo_item` VALUES (601003, '自然人文地理知识图谱', 'DATA', 601, 1, 1, '数据来源于OpenKG，涵盖了自然地理知识，包含约50万个实体。', '{}', '[{\"checkType\":\"CONSUL\",\"content\":\"kgms\"}]');
INSERT INTO `repo_item` VALUES (601004, '世界知识图谱', 'DATA', 601, 1, 1, '数据来源于世界知识年鉴，涵盖了世界政治经济大事和各国家、地区的基本情况，包含约1万个实体。', '{}', '[{\"checkType\":\"CONSUL\",\"content\":\"kgms\"}]');
INSERT INTO `repo_item` VALUES (602001, '目标知识图谱', 'DATA', 602, 1, 1, '数据来源于环球网-万国武器，涵盖了各国的武器装备知识，包含约1万个实体。', '{}', '[{\"checkType\":\"CONSUL\",\"content\":\"kgms\"}]');
INSERT INTO `repo_item` VALUES (701001, '事件拐点', 'DATA', 701, 1, 1, '面向军政领域提供事件拐点业务模型。', '{}', '[]');
INSERT INTO `repo_item` VALUES (702001, '企业谱系', 'DATA', 702, 1, 1, '面向金融领域提供企业谱系分析业务模型。', '{}', '[]');
INSERT INTO `repo_item` VALUES (702002, '实际控制人', 'DATA', 702, 1, 1, '面向金融领域提供实际控制人分析业务模型。', '{}', '[]');
INSERT INTO `repo_item` VALUES (801001, '人名、地名、机构名实体识别模型', 'DATA', 801, 1, 1, '面向通用领域，提供人名、地名、机构名等命名实体的识别，综合识别准确率在90%以上。', '{}', '[{\"checkType\":\"CONSUL\",\"content\":\"kgms\"}]');
INSERT INTO `repo_item` VALUES (802001, '实体识别模型', 'DATA', 802, 1, 1, '面向军政领域，提供军事人物、军事目标、军事武器装备等领域内命名实体的识别，综合识别准确率在85%以上。', '{}', '[{\"checkType\":\"CONSUL\",\"content\":\"kgms\"}]');
INSERT INTO `repo_item` VALUES (802002, '属性抽取模型', 'DATA', 802, 1, 1, '面向军政领域，提供军事装备的型号、生产日期、首飞时间等实体属性的抽取，综合识别准确率在85%以上。', '{}', '[{\"checkType\":\"CONSUL\",\"content\":\"kgms\"}]');
INSERT INTO `repo_item` VALUES (802003, '关系抽取模型', 'DATA', 802, 1, 1, '面向军政领域，提供军事雇佣、任职、装备所属国家等实体关系的抽取，综合识别准确率达85%。', '{}', '[{\"checkType\":\"CONSUL\",\"content\":\"kgms\"}]');
INSERT INTO `repo_item` VALUES (803001, '实体识别模型', 'DATA', 803, 1, 1, '面向金融财经领域，提供金融公司、人物、金融产品等命名实体的识别，综合识别准确率在85%以上。', '{}', '[{\"checkType\":\"CONSUL\",\"content\":\"kgms\"}]');
INSERT INTO `repo_item` VALUES (803002, '属性抽取模型', 'DATA', 803, 1, 1, '面向金融财经领域，提供上市公司的收购时间、成立时间、地址等实体属性的识别，综合识别准确率在80%以上。', '{}', '[{\"checkType\":\"CONSUL\",\"content\":\"kgms\"}]');
INSERT INTO `repo_item` VALUES (803003, '关系抽取模型', 'DATA', 803, 1, 1, '面向金融财经领域，提供买卖、合作、竞争、任职等实体关系的抽取，综合识别准确率达80%。', '{}', '[{\"checkType\":\"CONSUL\",\"content\":\"kgms\"}]');
INSERT INTO `repo_item` VALUES (901001, 'KGMS集群版', 'DATA', 901, 1, 1, '升级KGMS底层组件，提升产品性能，支撑大规模知识图谱的全生命周期管理。', '{}', '[{\"checkType\":\"CONSUL\",\"content\":\"kgms\"}]');
INSERT INTO `repo_item` VALUES (901002, 'KGMS内存高性能版', 'DATA', 901, 1, 1, '使用原生图结构的并行分布式图数据库PlantGraph，支持单机环境百亿级、分布式环境万亿级三元组图数据的高效存储与计算。', '{}', '[{\"checkType\":\"CONSUL\",\"content\":\"kgms\"}]');
INSERT INTO `repo_item` VALUES (902001, '模式自动规约软件包', 'DATA', 902, 1, 1, '集成自动规约计算模型，支持概念规约、属性规约的自动推荐，提供自底向上的知识模式自动构建方法，扩展知识建模能力。', '{}', '[{\"checkType\":\"MONGO\",\"content\":\"default_graph\"}]');
INSERT INTO `repo_item` VALUES (902002, '图谱自动融合软件包', 'DATA', 902, 1, 1, '集成基于规则的融合计算模型，提供词典、属性、标签、实体关联关系4类规则，扩展知识计算能力，提升知识质量。', '{}', '[{\"checkType\":\"FILE\",\"content\":\"/work/azkaban_shell/merge.sh\"}]');
INSERT INTO `repo_item` VALUES (902003, '知识自动标引软件包', 'DATA', 902, 1, 1, '集成知识链接相关算法模型，支持文件、文本、链接类数据的知识标引，扩展知识图谱的知识范围。', '{}', '[{\"checkType\":\"FILE\",\"content\":\"/work/azkaban_shell/annotation.sh\"}]');
INSERT INTO `repo_item` VALUES (902004, '规则推理计算软件包', 'DATA', 902, 1, 1, '集成基于规则的推理模型，支持可视化配置推理参数、实时跟踪推理任务执行情况、查看推理结果并选择性入图。', '{}', '[{\"checkType\":\"CONSUL\",\"content\":\"kgms\"}]');
INSERT INTO `repo_item` VALUES (902005, '神经网络推理计算软件包', 'DATA', 902, 1, 1, '集成基于神经网络的推理模型，支持可视化配置神经网络任务、实时跟踪推理任务执行情况、查看推理结果并选择性入图。', '{}', '[]');
INSERT INTO `repo_item` VALUES (902006, '离线数据接入软件包', 'DATA', 1001, 1, 1, '基于标准的结构化数据的知识图谱生成任务，提供模式映射到数据入图的调度配置并支持增量式数据构图。', '{}', '[]');
INSERT INTO `repo_item` VALUES (904004, '复杂图分析软件包', 'DATA', 904, 1, 1, '支持图谱的多种图计算的算法，包含Louvain、PageRank、TriangleCount、Closeness、Betweenness等，提供图计算结果可视化分析。', '{}', '[{\"checkType\":\"CONSUL\",\"content\":\"kgms\"}]');
INSERT INTO `repo_item` VALUES (1001001, '实时数据接入软件包', 'DATA', 1001, 1, 1, '针对行业标准数据、系统标准数据以及自定义数据三种数据进行半自动数据建模、发布模式的实时数据流构图流程。', '{}', '[{\"checkType\":\"CONSUL\",\"content\":\"kgdw\"}]');
INSERT INTO `repo_item` VALUES (1002001, 'MySQL', 'DATA', 1002, 1, 1, 'MySQL数据接入驱动，支持MySQL版本为5.1~5.7。', '{}', '[{\"checkType\":\"CONSUL\",\"content\":\"kgms\"}]');
INSERT INTO `repo_item` VALUES (1002002, 'MongoDB', 'DATA', 1002, 1, 1, 'MongoDB数据接入驱动，支持MongoDB版本为3.6.10。', '{}', '[{\"checkType\":\"CONSUL\",\"content\":\"kgms\"}]');
INSERT INTO `repo_item` VALUES (1002003, 'Oracle', 'DATA', 1002, 1, 1, 'Oracle数据接入驱动，支持Oracle版本为11.2。', '{}', '[{\"checkType\":\"CONSUL\",\"content\":\"kgms\"}]');
INSERT INTO `repo_item` VALUES (1003001, '启信宝', 'DATA', 1003, 1, 1, '对接启信宝，下载数据格式构建企业关联关系图谱。', '{}', '[{\"checkType\":\"CONSUL\",\"content\":\"kgms\"}]');
INSERT INTO `repo_item` VALUES (1003002, '论文', 'DATA', 1003, 1, 1, '对接知网，下载数据格式构建论文知识图谱。', '{}', '[{\"checkType\":\"CONSUL\",\"content\":\"kgms\"}]');
INSERT INTO `repo_item` VALUES (1003003, '专利', 'DATA', 1003, 1, 1, '对接国家知识产权局专利局，下载数据格式构建专利知识图谱。', '{}', '[{\"checkType\":\"CONSUL\",\"content\":\"kgms\"}]');
INSERT INTO `repo_item` VALUES (1004001, '数仓基础统计API', 'DATA', 1004, 1, 1, '针对数据仓库，提供基础统计API，包括二维表和三维表统计。', '{}', '[{\"checkType\":\"CONSUL\",\"content\":\"kgdw\"}]');
INSERT INTO `repo_item` VALUES (1004002, '数仓DAX增强统计API', 'DATA', 1004, 1, 1, '针对数据仓库，提供DAX增强统计API，支持跨表、跨数据库、跨服务器的数仓数据统计。', '{}', '[{\"checkType\":\"CONSUL\",\"content\":\"kgdw\"}]');



INSERT INTO `repo_menu` VALUES (6, 902002);
INSERT INTO `repo_menu` VALUES (23, 902002);
INSERT INTO `repo_menu` VALUES (95, 1001001);
INSERT INTO `repo_menu` VALUES (136, 1001001);
INSERT INTO `repo_menu` VALUES (143, 902004);
INSERT INTO `repo_menu` VALUES (144, 904004);
INSERT INTO `repo_menu` VALUES (146, 902002);
INSERT INTO `repo_menu` VALUES (147, 902003);
INSERT INTO `repo_menu` VALUES (191, 1001001);
INSERT INTO `repo_menu` VALUES (193, 1001001);
INSERT INTO `repo_menu` VALUES (200, 1001001);
INSERT INTO `repo_menu` VALUES (201, 1001001);
INSERT INTO `repo_menu` VALUES (202, 1001004);
INSERT INTO `repo_menu` VALUES (230, 902002);
INSERT INTO `repo_menu` VALUES (231, 902002);
INSERT INTO `repo_menu` VALUES (400, 902002);
INSERT INTO `repo_menu` VALUES (401, 902003);
INSERT INTO `repo_menu` VALUES (924, 904001);
INSERT INTO `repo_menu` VALUES (927, 904002);
INSERT INTO `repo_menu` VALUES (934, 904001);
INSERT INTO `repo_menu` VALUES (935, 904001);
INSERT INTO `repo_menu` VALUES (952, 1001001);
INSERT INTO `repo_menu` VALUES (953, 1001001);
INSERT INTO `repo_menu` VALUES (1020, 904002);
INSERT INTO `repo_menu` VALUES (1230, 1001001);
INSERT INTO `repo_menu` VALUES (1310, 1001001);
INSERT INTO `repo_menu` VALUES (4100, 902002);
INSERT INTO `repo_menu` VALUES (4101, 902003);
INSERT INTO `repo_menu` VALUES (16102, 1001001);
INSERT INTO `repo_menu` VALUES (16103, 1001001);
INSERT INTO `repo_menu` VALUES (16112, 1001001);
INSERT INTO `repo_menu` VALUES (16113, 1001001);
INSERT INTO `repo_menu` VALUES (100900, 1001001);
INSERT INTO `repo_menu` VALUES (100930, 1001001);